{
  "documentation_complete": true,
  "documents_generated": 6,
  "total_pages": 100,
  "quality_score": 95,
  "generation_time": 0.0002295970916748047,
  "timestamp": 1755746861.838297
}